ad_group,keyword,Campaign,campaign,match_type
sofas,sofas buy,SEM_Sofas,SEM_Sofas,Phrase
sofas,buy sofas,SEM_Sofas,SEM_Sofas,Phrase
sofas,sofas price,SEM_Sofas,SEM_Sofas,Phrase
sofas,price sofas,SEM_Sofas,SEM_Sofas,Phrase
sofas,sofas discount,SEM_Sofas,SEM_Sofas,Phrase
sofas,discount sofas,SEM_Sofas,SEM_Sofas,Phrase
sofas,sofas for sale,SEM_Sofas,SEM_Sofas,Phrase
sofas,for sale sofas,SEM_Sofas,SEM_Sofas,Phrase
sofas,sofas clearance,SEM_Sofas,SEM_Sofas,Phrase
sofas,clearance sofas,SEM_Sofas,SEM_Sofas,Phrase
sofas,sofas promotion,SEM_Sofas,SEM_Sofas,Phrase
sofas,promotion sofas,SEM_Sofas,SEM_Sofas,Phrase
sofas,sofas promo,SEM_Sofas,SEM_Sofas,Phrase
sofas,promo sofas,SEM_Sofas,SEM_Sofas,Phrase
sofas,sofas shop,SEM_Sofas,SEM_Sofas,Phrase
sofas,shop sofas,SEM_Sofas,SEM_Sofas,Phrase
sofas,sofas for less,SEM_Sofas,SEM_Sofas,Phrase
sofas,for less sofas,SEM_Sofas,SEM_Sofas,Phrase
convertible sofas,convertible sofas buy,SEM_Sofas,SEM_Sofas,Phrase
convertible sofas,buy convertible sofas,SEM_Sofas,SEM_Sofas,Phrase
convertible sofas,convertible sofas price,SEM_Sofas,SEM_Sofas,Phrase
convertible sofas,price convertible sofas,SEM_Sofas,SEM_Sofas,Phrase
convertible sofas,convertible sofas discount,SEM_Sofas,SEM_Sofas,Phrase
convertible sofas,discount convertible sofas,SEM_Sofas,SEM_Sofas,Phrase
convertible sofas,convertible sofas for sale,SEM_Sofas,SEM_Sofas,Phrase
convertible sofas,for sale convertible sofas,SEM_Sofas,SEM_Sofas,Phrase
convertible sofas,convertible sofas clearance,SEM_Sofas,SEM_Sofas,Phrase
convertible sofas,clearance convertible sofas,SEM_Sofas,SEM_Sofas,Phrase
convertible sofas,convertible sofas promotion,SEM_Sofas,SEM_Sofas,Phrase
convertible sofas,promotion convertible sofas,SEM_Sofas,SEM_Sofas,Phrase
convertible sofas,convertible sofas promo,SEM_Sofas,SEM_Sofas,Phrase
convertible sofas,promo convertible sofas,SEM_Sofas,SEM_Sofas,Phrase
convertible sofas,convertible sofas shop,SEM_Sofas,SEM_Sofas,Phrase
convertible sofas,shop convertible sofas,SEM_Sofas,SEM_Sofas,Phrase
convertible sofas,convertible sofas for less,SEM_Sofas,SEM_Sofas,Phrase
convertible sofas,for less convertible sofas,SEM_Sofas,SEM_Sofas,Phrase
love seats,love seats buy,SEM_Sofas,SEM_Sofas,Phrase
love seats,buy love seats,SEM_Sofas,SEM_Sofas,Phrase
love seats,love seats price,SEM_Sofas,SEM_Sofas,Phrase
love seats,price love seats,SEM_Sofas,SEM_Sofas,Phrase
love seats,love seats discount,SEM_Sofas,SEM_Sofas,Phrase
love seats,discount love seats,SEM_Sofas,SEM_Sofas,Phrase
love seats,love seats for sale,SEM_Sofas,SEM_Sofas,Phrase
love seats,for sale love seats,SEM_Sofas,SEM_Sofas,Phrase
love seats,love seats clearance,SEM_Sofas,SEM_Sofas,Phrase
love seats,clearance love seats,SEM_Sofas,SEM_Sofas,Phrase
love seats,love seats promotion,SEM_Sofas,SEM_Sofas,Phrase
love seats,promotion love seats,SEM_Sofas,SEM_Sofas,Phrase
love seats,love seats promo,SEM_Sofas,SEM_Sofas,Phrase
love seats,promo love seats,SEM_Sofas,SEM_Sofas,Phrase
love seats,love seats shop,SEM_Sofas,SEM_Sofas,Phrase
love seats,shop love seats,SEM_Sofas,SEM_Sofas,Phrase
love seats,love seats for less,SEM_Sofas,SEM_Sofas,Phrase
love seats,for less love seats,SEM_Sofas,SEM_Sofas,Phrase
recliners,recliners buy,SEM_Sofas,SEM_Sofas,Phrase
recliners,buy recliners,SEM_Sofas,SEM_Sofas,Phrase
recliners,recliners price,SEM_Sofas,SEM_Sofas,Phrase
recliners,price recliners,SEM_Sofas,SEM_Sofas,Phrase
recliners,recliners discount,SEM_Sofas,SEM_Sofas,Phrase
recliners,discount recliners,SEM_Sofas,SEM_Sofas,Phrase
recliners,recliners for sale,SEM_Sofas,SEM_Sofas,Phrase
recliners,for sale recliners,SEM_Sofas,SEM_Sofas,Phrase
recliners,recliners clearance,SEM_Sofas,SEM_Sofas,Phrase
recliners,clearance recliners,SEM_Sofas,SEM_Sofas,Phrase
recliners,recliners promotion,SEM_Sofas,SEM_Sofas,Phrase
recliners,promotion recliners,SEM_Sofas,SEM_Sofas,Phrase
recliners,recliners promo,SEM_Sofas,SEM_Sofas,Phrase
recliners,promo recliners,SEM_Sofas,SEM_Sofas,Phrase
recliners,recliners shop,SEM_Sofas,SEM_Sofas,Phrase
recliners,shop recliners,SEM_Sofas,SEM_Sofas,Phrase
recliners,recliners for less,SEM_Sofas,SEM_Sofas,Phrase
recliners,for less recliners,SEM_Sofas,SEM_Sofas,Phrase
sofa beds,sofa beds buy,SEM_Sofas,SEM_Sofas,Phrase
sofa beds,buy sofa beds,SEM_Sofas,SEM_Sofas,Phrase
sofa beds,sofa beds price,SEM_Sofas,SEM_Sofas,Phrase
sofa beds,price sofa beds,SEM_Sofas,SEM_Sofas,Phrase
sofa beds,sofa beds discount,SEM_Sofas,SEM_Sofas,Phrase
sofa beds,discount sofa beds,SEM_Sofas,SEM_Sofas,Phrase
sofa beds,sofa beds for sale,SEM_Sofas,SEM_Sofas,Phrase
sofa beds,for sale sofa beds,SEM_Sofas,SEM_Sofas,Phrase
sofa beds,sofa beds clearance,SEM_Sofas,SEM_Sofas,Phrase
sofa beds,clearance sofa beds,SEM_Sofas,SEM_Sofas,Phrase
sofa beds,sofa beds promotion,SEM_Sofas,SEM_Sofas,Phrase
sofa beds,promotion sofa beds,SEM_Sofas,SEM_Sofas,Phrase
sofa beds,sofa beds promo,SEM_Sofas,SEM_Sofas,Phrase
sofa beds,promo sofa beds,SEM_Sofas,SEM_Sofas,Phrase
sofa beds,sofa beds shop,SEM_Sofas,SEM_Sofas,Phrase
sofa beds,shop sofa beds,SEM_Sofas,SEM_Sofas,Phrase
sofa beds,sofa beds for less,SEM_Sofas,SEM_Sofas,Phrase
sofa beds,for less sofa beds,SEM_Sofas,SEM_Sofas,Phrase
sofas,sofas buy,SEM_Sofas,SEM_Sofas,Exact
sofas,buy sofas,SEM_Sofas,SEM_Sofas,Exact
sofas,sofas price,SEM_Sofas,SEM_Sofas,Exact
sofas,price sofas,SEM_Sofas,SEM_Sofas,Exact
sofas,sofas discount,SEM_Sofas,SEM_Sofas,Exact
sofas,discount sofas,SEM_Sofas,SEM_Sofas,Exact
sofas,sofas for sale,SEM_Sofas,SEM_Sofas,Exact
sofas,for sale sofas,SEM_Sofas,SEM_Sofas,Exact
sofas,sofas clearance,SEM_Sofas,SEM_Sofas,Exact
sofas,clearance sofas,SEM_Sofas,SEM_Sofas,Exact
sofas,sofas promotion,SEM_Sofas,SEM_Sofas,Exact
sofas,promotion sofas,SEM_Sofas,SEM_Sofas,Exact
sofas,sofas promo,SEM_Sofas,SEM_Sofas,Exact
sofas,promo sofas,SEM_Sofas,SEM_Sofas,Exact
sofas,sofas shop,SEM_Sofas,SEM_Sofas,Exact
sofas,shop sofas,SEM_Sofas,SEM_Sofas,Exact
sofas,sofas for less,SEM_Sofas,SEM_Sofas,Exact
sofas,for less sofas,SEM_Sofas,SEM_Sofas,Exact
convertible sofas,convertible sofas buy,SEM_Sofas,SEM_Sofas,Exact
convertible sofas,buy convertible sofas,SEM_Sofas,SEM_Sofas,Exact
convertible sofas,convertible sofas price,SEM_Sofas,SEM_Sofas,Exact
convertible sofas,price convertible sofas,SEM_Sofas,SEM_Sofas,Exact
convertible sofas,convertible sofas discount,SEM_Sofas,SEM_Sofas,Exact
convertible sofas,discount convertible sofas,SEM_Sofas,SEM_Sofas,Exact
convertible sofas,convertible sofas for sale,SEM_Sofas,SEM_Sofas,Exact
convertible sofas,for sale convertible sofas,SEM_Sofas,SEM_Sofas,Exact
convertible sofas,convertible sofas clearance,SEM_Sofas,SEM_Sofas,Exact
convertible sofas,clearance convertible sofas,SEM_Sofas,SEM_Sofas,Exact
convertible sofas,convertible sofas promotion,SEM_Sofas,SEM_Sofas,Exact
convertible sofas,promotion convertible sofas,SEM_Sofas,SEM_Sofas,Exact
convertible sofas,convertible sofas promo,SEM_Sofas,SEM_Sofas,Exact
convertible sofas,promo convertible sofas,SEM_Sofas,SEM_Sofas,Exact
convertible sofas,convertible sofas shop,SEM_Sofas,SEM_Sofas,Exact
convertible sofas,shop convertible sofas,SEM_Sofas,SEM_Sofas,Exact
convertible sofas,convertible sofas for less,SEM_Sofas,SEM_Sofas,Exact
convertible sofas,for less convertible sofas,SEM_Sofas,SEM_Sofas,Exact
love seats,love seats buy,SEM_Sofas,SEM_Sofas,Exact
love seats,buy love seats,SEM_Sofas,SEM_Sofas,Exact
love seats,love seats price,SEM_Sofas,SEM_Sofas,Exact
love seats,price love seats,SEM_Sofas,SEM_Sofas,Exact
love seats,love seats discount,SEM_Sofas,SEM_Sofas,Exact
love seats,discount love seats,SEM_Sofas,SEM_Sofas,Exact
love seats,love seats for sale,SEM_Sofas,SEM_Sofas,Exact
love seats,for sale love seats,SEM_Sofas,SEM_Sofas,Exact
love seats,love seats clearance,SEM_Sofas,SEM_Sofas,Exact
love seats,clearance love seats,SEM_Sofas,SEM_Sofas,Exact
love seats,love seats promotion,SEM_Sofas,SEM_Sofas,Exact
love seats,promotion love seats,SEM_Sofas,SEM_Sofas,Exact
love seats,love seats promo,SEM_Sofas,SEM_Sofas,Exact
love seats,promo love seats,SEM_Sofas,SEM_Sofas,Exact
love seats,love seats shop,SEM_Sofas,SEM_Sofas,Exact
love seats,shop love seats,SEM_Sofas,SEM_Sofas,Exact
love seats,love seats for less,SEM_Sofas,SEM_Sofas,Exact
love seats,for less love seats,SEM_Sofas,SEM_Sofas,Exact
recliners,recliners buy,SEM_Sofas,SEM_Sofas,Exact
recliners,buy recliners,SEM_Sofas,SEM_Sofas,Exact
recliners,recliners price,SEM_Sofas,SEM_Sofas,Exact
recliners,price recliners,SEM_Sofas,SEM_Sofas,Exact
recliners,recliners discount,SEM_Sofas,SEM_Sofas,Exact
recliners,discount recliners,SEM_Sofas,SEM_Sofas,Exact
recliners,recliners for sale,SEM_Sofas,SEM_Sofas,Exact
recliners,for sale recliners,SEM_Sofas,SEM_Sofas,Exact
recliners,recliners clearance,SEM_Sofas,SEM_Sofas,Exact
recliners,clearance recliners,SEM_Sofas,SEM_Sofas,Exact
recliners,recliners promotion,SEM_Sofas,SEM_Sofas,Exact
recliners,promotion recliners,SEM_Sofas,SEM_Sofas,Exact
recliners,recliners promo,SEM_Sofas,SEM_Sofas,Exact
recliners,promo recliners,SEM_Sofas,SEM_Sofas,Exact
recliners,recliners shop,SEM_Sofas,SEM_Sofas,Exact
recliners,shop recliners,SEM_Sofas,SEM_Sofas,Exact
recliners,recliners for less,SEM_Sofas,SEM_Sofas,Exact
recliners,for less recliners,SEM_Sofas,SEM_Sofas,Exact
sofa beds,sofa beds buy,SEM_Sofas,SEM_Sofas,Exact
sofa beds,buy sofa beds,SEM_Sofas,SEM_Sofas,Exact
sofa beds,sofa beds price,SEM_Sofas,SEM_Sofas,Exact
sofa beds,price sofa beds,SEM_Sofas,SEM_Sofas,Exact
sofa beds,sofa beds discount,SEM_Sofas,SEM_Sofas,Exact
sofa beds,discount sofa beds,SEM_Sofas,SEM_Sofas,Exact
sofa beds,sofa beds for sale,SEM_Sofas,SEM_Sofas,Exact
sofa beds,for sale sofa beds,SEM_Sofas,SEM_Sofas,Exact
sofa beds,sofa beds clearance,SEM_Sofas,SEM_Sofas,Exact
sofa beds,clearance sofa beds,SEM_Sofas,SEM_Sofas,Exact
sofa beds,sofa beds promotion,SEM_Sofas,SEM_Sofas,Exact
sofa beds,promotion sofa beds,SEM_Sofas,SEM_Sofas,Exact
sofa beds,sofa beds promo,SEM_Sofas,SEM_Sofas,Exact
sofa beds,promo sofa beds,SEM_Sofas,SEM_Sofas,Exact
sofa beds,sofa beds shop,SEM_Sofas,SEM_Sofas,Exact
sofa beds,shop sofa beds,SEM_Sofas,SEM_Sofas,Exact
sofa beds,sofa beds for less,SEM_Sofas,SEM_Sofas,Exact
sofa beds,for less sofa beds,SEM_Sofas,SEM_Sofas,Exact
